{
  "waves": 3,
  "avg_wave_size": 333.3333333333333,
  "max_wave_size": 961,
  "min_wave_size": 4,
  "speedup_vs_serial": 2.205718965670166,
  "serial_time_ms": 17.134208,
  "parallel_time_ms": 7.768083,
  "conflict_rate": 0.002002002002002002,
  "total_conflicts": 666,
  "runtime_conflicts": 0,
  "preexec_precision": 1.0,
  "preexec_recall": 1.0,
  "false_positives": 0,
  "false_negatives": 0,
  "tx_latency_p50": 46.305,
  "tx_latency_p95": 70.503,
  "tx_latency_p99": 70.539,
  "tx_latency_max": 70.541,
  "total_reads": 3018,
  "total_writes": 2028,
  "unique_keys_accessed": 4994,
  "iops": 649581.1128691596,
  "iops_reduction": 0.010305192231470417,
  "total_gas_serial": 46687352,
  "total_gas_parallel": 46909252,
  "cold_accesses": 4994,
  "warm_accesses": 2497993
}