{
  "waves": 2,
  "avg_wave_size": 50.0,
  "speedup_vs_serial": 0.24383999999999997,
  "conflict_rate": 0.00020202020202020202,
  "preexec_precision": 1.0,
  "preexec_recall": 1.0,
  "false_positives": 0,
  "false_negatives": 0,
  "tx_latency_p50": 0.48281250000000003,
  "tx_latency_p95": 0.48281250000000003,
  "tx_latency_p99": 0.9656250000000001,
  "iops": 514692.5566343042
}