{
  "waves": 3,
  "avg_wave_size": 1666.6666666666667,
  "speedup_vs_serial": 3.6893560762789392,
  "conflict_rate": 0.00003024604920984197,
  "preexec_precision": 1.0,
  "preexec_recall": 0.9153439153439153,
  "false_positives": 0,
  "false_negatives": 32,
  "tx_latency_p50": 100.66125,
  "tx_latency_p95": 201.3225,
  "tx_latency_p99": 201.3225,
  "iops": 82872.00884153535
}