{
  "waves": 8,
  "avg_wave_size": 625.0,
  "max_wave_size": 1000,
  "min_wave_size": 1,
  "speedup_vs_serial": 2.1274220888027178,
  "serial_time_ms": 1123.7326249999999,
  "parallel_time_ms": 528.213292,
  "conflict_rate": 0.0014002800560112022,
  "total_conflicts": 4375,
  "runtime_conflicts": 0,
  "preexec_precision": 1.0,
  "preexec_recall": 1.0,
  "false_positives": 0,
  "false_negatives": 0,
  "tx_latency_p50": 46.304,
  "tx_latency_p95": 70.503,
  "tx_latency_p99": 70.539,
  "tx_latency_max": 70.541,
  "total_reads": 15040,
  "total_writes": 9986,
  "unique_keys_accessed": 24486,
  "iops": 47378.58811777118,
  "iops_reduction": 0.0215775593382882,
  "total_gas_serial": 229432315,
  "total_gas_parallel": 229704315,
  "cold_accesses": 24486,
  "warm_accesses": 61734198
}