{
  "waves": 8,
  "avg_wave_size": 625.0,
  "max_wave_size": 1000,
  "min_wave_size": 1,
  "speedup_vs_serial": 5.305573204504045,
  "serial_time_ms": 2841.823958,
  "parallel_time_ms": 535.629959,
  "conflict_rate": 0.0014002800560112022,
  "total_conflicts": 4375,
  "runtime_conflicts": 0,
  "preexec_precision": 1.0,
  "preexec_recall": 1.0,
  "false_positives": 0,
  "false_negatives": 0,
  "tx_latency_p50": 46.304,
  "tx_latency_p95": 70.504,
  "tx_latency_p99": 70.539,
  "tx_latency_max": 70.541,
  "total_reads": 37265982,
  "total_writes": 24901546,
  "unique_keys_accessed": 24486,
  "iops": 116064321.93610738,
  "iops_reduction": 0.9996061287815723,
  "total_gas_serial": 576436605904,
  "total_gas_parallel": 231360815,
  "cold_accesses": 61734198,
  "warm_accesses": 61734198
}